"시도별(1)","설립주체별(1)",2018,2018,2018,2018,2018,2018,2018,2018,2018,2018,2018,2018,2018,2018,2018,2018,2018,2018,2018,2018,2018,2018,2018,2018,2018,2018,2018,2018,2018,2018,2018,2019,2019,2019,2019,2019,2019,2019,2019,2019,2019,2019,2019,2019,2019,2019,2019,2019,2019,2019,2019,2019,2019,2019,2019,2019,2019,2019,2019,2019,2019,2019,2020,2020,2020,2020,2020,2020,2020,2020,2020,2020,2020,2020,2020,2020,2020,2020,2020,2020,2020,2020,2020,2020,2020,2020,2020,2020,2020,2020,2020,2020,2020,2021,2021,2021,2021,2021,2021,2021,2021,2021,2021,2021,2021,2021,2021,2021,2021,2021,2021,2021,2021,2021,2021,2021,2021,2021,2021,2021,2021,2021,2021,2021,2021,2021,2021,2021,2021,2022,2022,2022,2022,2022,2022,2022,2022,2022,2022,2022,2022,2022,2022,2022,2022,2022,2022,2022,2022,2022,2022,2022,2022,2022,2022,2022,2022,2022,2022,2022,2022,2022,2022,2022,2022,2023,2023,2023,2023,2023,2023,2023,2023,2023,2023,2023,2023,2023,2023,2023,2023,2023,2023,2023,2023,2023,2023,2023,2023,2023,2023,2023,2023,2023,2023,2023,2023,2023,2023,2023,2023
"시도별(1)","설립주체별(1)",학교수 (개),학교수 (개),학교수 (개),학교수 (개),학교수 (개),학교수 (개),대학원대학수 (개),학과수 (개),학과수 (개),재적학생수 (명),재적학생수 (명),재적학생수 (명),재적학생수 (명),재적학생수 (명),재적학생수 (명),교직원수 (명),교직원수 (명),교직원수 (명),교직원수 (명),입학자수 (명),입학자수 (명),입학자수 (명),입학자수 (명),입학자수 (명),입학자수 (명),졸업자수 (명),졸업자수 (명),졸업자수 (명),졸업자수 (명),졸업자수 (명),졸업자수 (명),학교수 (개),학교수 (개),학교수 (개),학교수 (개),학교수 (개),학교수 (개),대학원대학수 (개),학과수 (개),학과수 (개),재적학생수 (명),재적학생수 (명),재적학생수 (명),재적학생수 (명),재적학생수 (명),재적학생수 (명),교직원수 (명),교직원수 (명),교직원수 (명),교직원수 (명),입학자수 (명),입학자수 (명),입학자수 (명),입학자수 (명),입학자수 (명),입학자수 (명),졸업자수 (명),졸업자수 (명),졸업자수 (명),졸업자수 (명),졸업자수 (명),졸업자수 (명),학교수 (개),학교수 (개),학교수 (개),학교수 (개),학교수 (개),학교수 (개),대학원대학수 (개),학과수 (개),학과수 (개),재적학생수 (명),재적학생수 (명),재적학생수 (명),재적학생수 (명),재적학생수 (명),재적학생수 (명),교직원수 (명),교직원수 (명),교직원수 (명),교직원수 (명),입학자수 (명),입학자수 (명),입학자수 (명),입학자수 (명),입학자수 (명),입학자수 (명),졸업자수 (명),졸업자수 (명),졸업자수 (명),졸업자수 (명),졸업자수 (명),졸업자수 (명),학교수 (개),학교수 (개),학교수 (개),학교수 (개),학교수 (개),학교수 (개),학교수 (개),학교수 (개),학교수 (개),대학원대학수 (개),학과수 (개),학과수 (개),학과수 (개),재적학생수 (명),재적학생수 (명),재적학생수 (명),재적학생수 (명),재적학생수 (명),재적학생수 (명),교직원수 (명),교직원수 (명),교직원수 (명),교직원수 (명),교직원수 (명),입학자수 (명),입학자수 (명),입학자수 (명),입학자수 (명),입학자수 (명),입학자수 (명),졸업자수 (명),졸업자수 (명),졸업자수 (명),졸업자수 (명),졸업자수 (명),졸업자수 (명),학교수 (개),학교수 (개),학교수 (개),학교수 (개),학교수 (개),학교수 (개),학교수 (개),학교수 (개),학교수 (개),대학원대학수 (개),학과수 (개),학과수 (개),학과수 (개),재적학생수 (명),재적학생수 (명),재적학생수 (명),재적학생수 (명),재적학생수 (명),재적학생수 (명),교직원수 (명),교직원수 (명),교직원수 (명),교직원수 (명),교직원수 (명),입학자수 (명),입학자수 (명),입학자수 (명),입학자수 (명),입학자수 (명),입학자수 (명),졸업자수 (명),졸업자수 (명),졸업자수 (명),졸업자수 (명),졸업자수 (명),졸업자수 (명),학교수 (개),학교수 (개),학교수 (개),학교수 (개),학교수 (개),학교수 (개),학교수 (개),학교수 (개),학교수 (개),대학원대학수 (개),학과수 (개),학과수 (개),학과수 (개),재적학생수 (명),재적학생수 (명),재적학생수 (명),재적학생수 (명),재적학생수 (명),재적학생수 (명),교직원수 (명),교직원수 (명),교직원수 (명),교직원수 (명),교직원수 (명),입학자수 (명),입학자수 (명),입학자수 (명),입학자수 (명),입학자수 (명),입학자수 (명),졸업자수 (명),졸업자수 (명),졸업자수 (명),졸업자수 (명),졸업자수 (명),졸업자수 (명)
"시도별(1)","설립주체별(1)",소계,주야별,주야별,주야별,남여별,남여별,소계,석사과정,박사과정,소계,여자,석사과정,석사과정,박사과정,박사과정,교원수,교원수,직원수,직원수,소계,여자,석사과정,석사과정,박사과정,박사과정,소계,여자,석사과정,석사과정,박사과정,박사과정,소계,주야별,주야별,주야별,남여별,남여별,소계,석사과정,박사과정,소계,여자,석사과정,석사과정,박사과정,박사과정,교원수,교원수,직원수,직원수,소계,여자,석사과정,석사과정,박사과정,박사과정,소계,여자,석사과정,석사과정,박사과정,박사과정,소계,주야별,주야별,주야별,남여별,남여별,소계,석사과정,박사과정,소계,여자,석사과정,석사과정,박사과정,박사과정,교원수,교원수,직원수,직원수,소계,여자,석사과정,석사과정,박사과정,박사과정,소계,여자,석사과정,석사과정,박사과정,박사과정,소계,주야별,주야별,주야별,주야별,남여별,남여별,남여별,남여별,소계,소계,석사과정,박사과정,소계,여자,석사과정,석사과정,박사과정,박사과정,소계,교원수,교원수,직원수,직원수,소계,여자,석사과정,석사과정,박사과정,박사과정,소계,여자,석사과정,석사과정,박사과정,박사과정,소계,주야별,주야별,주야별,주야별,남여별,남여별,남여별,남여별,소계,소계,석사과정,박사과정,소계,여자,석사과정,석사과정,박사과정,박사과정,소계,교원수,교원수,직원수,직원수,소계,여자,석사과정,석사과정,박사과정,박사과정,소계,여자,석사과정,석사과정,박사과정,박사과정,소계,주야별,주야별,주야별,주야별,남여별,남여별,남여별,남여별,소계,소계,석사과정,박사과정,소계,여자,석사과정,석사과정,박사과정,박사과정,소계,교원수,교원수,직원수,직원수,소계,여자,석사과정,석사과정,박사과정,박사과정,소계,여자,석사과정,석사과정,박사과정,박사과정
"시도별(1)","설립주체별(1)",소계,주간,야간,주야간,여자,공학,소계,소계,소계,소계,소계,소계,여자,소계,여자,소계,여자,소계,여자,소계,소계,소계,여자,소계,여자,소계,소계,소계,여자,소계,여자,소계,주간,야간,주야간,여자,공학,소계,소계,소계,소계,소계,소계,여자,소계,여자,소계,여자,소계,여자,소계,소계,소계,여자,소계,여자,소계,소계,소계,여자,소계,여자,소계,주간,야간,주야간,여자,공학,소계,소계,소계,소계,소계,소계,여자,소계,여자,소계,여자,소계,여자,소계,소계,소계,여자,소계,여자,소계,소계,소계,여자,소계,여자,소계,소계,주간,야간,주야간,소계,남자,여자,공학,소계,소계,소계,소계,소계,소계,소계,여자,소계,여자,소계,소계,여자,소계,여자,소계,소계,소계,여자,소계,여자,소계,소계,소계,여자,소계,여자,소계,소계,주간,야간,주야간,소계,남자,여자,공학,소계,소계,소계,소계,소계,소계,소계,여자,소계,여자,소계,소계,여자,소계,여자,소계,소계,소계,여자,소계,여자,소계,소계,소계,여자,소계,여자,소계,소계,주간,야간,주야간,소계,남자,여자,공학,소계,소계,소계,소계,소계,소계,소계,여자,소계,여자,소계,소계,여자,소계,여자,소계,소계,소계,여자,소계,여자,소계,소계,소계,여자,소계,여자
"총계","계",1198,445,699,54,15,1183,45,10411,4879,322232,161393,247482,131346,74750,30047,7575,1646,1339,737,123702,62698,97854,51726,25848,10972,97511,48484,82837,42932,14674,5552,1183,439,690,54,15,1168,45,10254,4909,319240,161381,243298,130137,75942,31244,7852,1749,1336,740,123922,63374,96694,51509,27228,11865,97445,49055,82137,43255,15308,5800,1169,434,676,59,15,1154,45,10286,5016,320595,164151,241650,130759,78945,33392,7976,1818,1225,668,127057,66159,98402,53400,28655,12759,99185,50532,83046,44334,16139,6198,1174,1174,429,682,63,1174,-,15,1159,45,15515,10392,5123,327415,168983,245679,134026,81736,34957,8969,7718,1766,1251,725,130932,68269,101338,55018,29594,13251,96450,49330,80030,42866,16420,6464,1167,1167,427,670,70,1167,-,16,1151,45,15655,10483,5172,333907,175087,248940,137767,84967,37320,8942,7679,1798,1263,721,133714,71729,102818,57173,30896,14556,101629,52801,83869,45515,17760,7286,1221,1221,459,687,75,1221,-,16,1205,44,15727,10473,5254,336596,178090,250518,139641,86078,38449,9082,7786,1827,1296,748,134260,71540,104240,57576,30020,13964,101353,53191,83680,45646,17673,7545
"총계","국립",234,97,125,12,-,234,2,3625,1745,104368,47558,76146,37872,28222,9686,2322,376,347,212,37570,17126,28358,13776,9212,3350,29396,13113,24263,11432,5133,1681,233,96,125,12,-,233,2,3574,1737,101259,46380,73130,36654,28129,9726,2334,378,338,198,36683,16805,27348,13364,9335,3441,28846,12918,23477,11224,5369,1694,232,94,125,13,-,232,2,3575,1777,100067,46431,71456,36411,28611,10020,2187,339,229,125,37423,17449,27648,13772,9775,3677,29156,13121,23325,11195,5831,1926,232,232,90,127,15,232,-,-,232,2,5469,3649,1820,102711,48338,73205,37751,29506,10587,2464,2145,337,319,208,39938,19076,29682,15054,10256,4022,27991,12793,22241,10939,5750,1854,237,237,91,127,19,237,-,-,237,2,5560,3700,1860,104284,49599,74026,38585,30258,11014,2564,2218,362,346,222,39593,19036,29373,15026,10220,4010,29530,13891,23535,11871,5995,2020,254,254,104,131,19,254,-,-,254,2,5554,3690,1864,104440,50122,73896,38824,30544,11298,2562,2226,357,336,211,39622,19161,29417,15086,10205,4075,29141,13774,23330,11804,5811,1970
"총계","공립",10,4,6,-,-,10,-,76,33,2996,1063,2482,909,514,154,51,9,-,-,1257,475,1054,416,203,59,1006,347,902,324,104,23,10,4,6,-,-,10,-,76,33,3011,1135,2505,982,506,153,52,9,-,-,1220,487,1031,430,189,57,908,294,795,271,113,23,10,4,6,-,-,10,-,81,36,3060,1198,2537,1023,523,175,53,7,-,-,1237,501,1029,418,208,83,929,342,830,315,99,27,10,10,4,6,-,10,-,-,10,-,116,80,36,3161,1287,2634,1095,527,192,54,54,7,-,-,1367,581,1172,513,195,68,918,367,819,336,99,31,10,10,4,6,-,10,-,-,10,-,118,81,37,3274,1380,2774,1189,500,191,58,58,10,-,-,1340,576,1156,503,184,73,985,402,877,375,108,27,10,10,4,6,-,10,-,-,10,-,121,81,40,3210,1361,2707,1156,503,205,58,58,11,-,-,1290,565,1107,478,183,87,1053,453,943,420,110,33
"총계","사립",954,344,568,42,15,939,43,6710,3101,214868,112772,168854,92565,46014,20207,5202,1261,992,525,84875,45097,68442,37534,16433,7563,67109,35024,57672,31176,9437,3848,940,339,559,42,15,925,43,6604,3139,214970,113866,167663,92501,47307,21365,5466,1362,998,542,86019,46082,68315,37715,17704,8367,67691,35843,57865,31760,9826,4083,927,336,545,46,15,912,43,6630,3203,217468,116522,167657,93325,49811,23197,5736,1472,996,543,88397,48209,69725,39210,18672,8999,69100,37069,58891,32824,10209,4245,932,932,335,549,48,932,-,15,917,43,9930,6663,3267,221543,119358,169840,95180,51703,24178,6451,5519,1422,932,517,89627,48612,70484,39451,19143,9161,67541,36170,56970,31591,10571,4579,920,920,332,537,51,920,-,16,904,43,9977,6702,3275,226349,124108,172140,97993,54209,26115,6320,5403,1426,917,499,92781,52117,72289,41644,20492,10473,71114,38508,59457,33269,11657,5239,957,957,351,550,56,957,-,16,941,42,10052,6702,3350,228946,126607,173915,99661,55031,26946,6462,5502,1459,960,537,93348,51814,73716,42012,19632,9802,71159,38964,59407,33422,11752,5542
"서울특별시","계",399,148,228,23,15,384,21,3109,1552,141423,75534,109079,61735,32344,13799,3052,708,524,293,55051,29689,43723,24690,11328,4999,44104,23233,37191,20461,6913,2772,401,147,231,23,15,386,21,3053,1534,140134,75458,108406,61638,31728,13820,3031,723,511,297,55383,30027,43925,24887,11458,5140,43628,23364,36500,20501,7128,2863,395,147,225,23,15,380,21,3115,1569,142000,77171,109291,62530,32709,14641,3270,784,479,279,57192,31571,44820,25860,12372,5711,44577,24361,37366,21389,7211,2972,396,396,146,226,24,396,-,15,381,21,4724,3125,1599,147035,80635,112554,64892,34481,15743,3659,3128,763,531,333,60207,33386,46935,27107,13272,6279,43651,23583,36371,20582,7280,3001,400,400,146,229,25,400,-,16,384,21,4757,3146,1611,151466,84622,115786,67794,35680,16828,3562,2993,756,569,347,61357,35100,48017,28469,13340,6631,45697,25063,38070,21872,7627,3191,406,406,150,231,25,406,-,16,390,21,4546,3020,1526,147914,84015,114394,67624,33520,16391,3530,2923,745,607,372,59679,33954,47510,27923,12169,6031,45045,25310,37984,22072,7061,3238
"서울특별시","국립",23,16,3,4,-,23,-,311,196,19897,9245,13228,6754,6669,2491,538,80,125,64,7369,3439,4969,2533,2400,906,5919,2649,4490,2176,1429,473,23,16,3,4,-,23,-,302,192,19414,9056,12878,6581,6536,2475,536,72,128,64,7225,3377,4827,2435,2398,942,5490,2464,4033,1978,1457,486,24,17,3,4,-,24,-,311,197,19443,9113,12837,6563,6606,2550,590,77,135,70,7369,3484,4865,2494,2504,990,5856,2718,4296,2170,1560,548,24,24,17,3,4,24,-,-,24,-,517,313,204,20148,9637,13316,6934,6832,2703,853,635,91,218,141,8135,4014,5411,2896,2724,1118,5731,2641,4142,2092,1589,549,25,25,17,4,4,25,-,-,25,-,532,321,211,20974,10329,13903,7433,7071,2896,892,649,98,243,152,8156,4114,5410,2927,2746,1187,6127,2928,4470,2333,1657,595,27,27,19,4,4,27,-,-,27,-,538,329,209,22113,10815,14926,7864,7187,2951,962,710,110,252,158,8506,4158,5807,3036,2699,1122,6565,3083,4907,2467,1658,616
"서울특별시","공립",10,4,6,-,-,10,-,76,33,2996,1063,2482,909,514,154,51,9,-,-,1257,475,1054,416,203,59,1006,347,902,324,104,23,10,4,6,-,-,10,-,76,33,3011,1135,2505,982,506,153,52,9,-,-,1220,487,1031,430,189,57,908,294,795,271,113,23,10,4,6,-,-,10,-,81,36,3060,1198,2537,1023,523,175,53,7,-,-,1237,501,1029,418,208,83,929,342,830,315,99,27,10,10,4,6,-,10,-,-,10,-,116,80,36,3161,1287,2634,1095,527,192,54,54,7,-,-,1367,581,1172,513,195,68,918,367,819,336,99,31,10,10,4,6,-,10,-,-,10,-,118,81,37,3274,1380,2774,1189,500,191,58,58,10,-,-,1340,576,1156,503,184,73,985,402,877,375,108,27,10,10,4,6,-,10,-,-,10,-,121,81,40,3210,1361,2707,1156,503,205,58,58,11,-,-,1290,565,1107,478,183,87,1053,453,943,420,110,33
"서울특별시","사립",366,128,219,19,15,351,21,2722,1323,118530,65226,93369,54072,25161,11154,2463,619,399,229,46425,25775,37700,21741,8725,4034,37179,20237,31799,17961,5380,2276,368,127,222,19,15,353,21,2675,1309,117709,65267,93023,54075,24686,11192,2443,642,383,233,46938,26163,38067,22022,8871,4141,37230,20606,31672,18252,5558,2354,361,126,216,19,15,346,21,2723,1336,119497,66860,93917,54944,25580,11916,2627,700,344,209,48586,27586,38926,22948,9660,4638,37792,21301,32240,18904,5552,2397,362,362,125,217,20,362,-,15,347,21,4091,2732,1359,123726,69711,96604,56863,27122,12848,2752,2439,665,313,192,50705,28791,40352,23698,10353,5093,37002,20575,31410,18154,5592,2421,365,365,125,219,21,365,-,16,349,21,4107,2744,1363,127218,72913,99109,59172,28109,13741,2612,2286,648,326,195,51861,30410,41451,25039,10410,5371,38585,21733,32723,19164,5862,2569,369,369,127,221,21,369,-,16,353,21,3887,2610,1277,122591,71839,96761,58604,25830,13235,2510,2155,624,355,214,49883,29231,40596,24409,9287,4822,37427,21774,32134,19185,5293,2589
"부산광역시","계",75,23,49,3,-,75,-,880,410,19769,10268,15832,8522,3937,1746,230,33,56,34,7943,4029,6281,3278,1662,751,6131,3127,5181,2740,950,387,74,23,48,3,-,74,-,844,409,19509,10152,15454,8292,4055,1860,233,45,53,33,8108,4131,6255,3274,1853,857,6151,3079,5146,2699,1005,380,72,23,45,4,-,72,-,820,408,19468,10315,15282,8343,4186,1972,275,52,58,35,8100,4305,6291,3439,1809,866,6090,3103,5029,2674,1061,429,72,72,23,44,5,72,-,-,72,-,1242,824,418,19564,10441,15315,8460,4249,1981,389,332,59,57,39,8140,4218,6242,3340,1898,878,5902,2989,4908,2586,994,403,71,71,22,44,5,71,-,-,71,-,1241,822,419,19667,10597,15309,8516,4358,2081,383,324,62,59,41,8310,4412,6417,3504,1893,908,6290,3278,5112,2769,1178,509,75,75,24,46,5,75,-,-,75,-,1212,803,409,19074,10278,14901,8249,4173,2029,290,279,57,11,6,8040,4250,6212,3355,1828,895,5951,3120,4937,2685,1014,435
"부산광역시","국립",25,9,15,1,-,25,-,441,234,12287,5915,9782,4939,2505,976,147,13,20,11,4933,2291,3908,1885,1025,406,3817,1722,3240,1536,577,186,25,9,15,1,-,25,-,435,235,12110,5855,9589,4822,2521,1033,138,16,18,10,4999,2344,3886,1888,1113,456,3730,1674,3104,1489,626,185,25,9,14,2,-,25,-,436,234,12110,6022,9526,4937,2584,1085,131,14,19,11,4998,2470,3892,1998,1106,472,3679,1662,3026,1446,653,216,25,25,9,13,3,25,-,-,25,-,675,437,238,12285,6275,9609,5139,2676,1136,202,181,22,21,14,5107,2535,3921,2033,1186,502,3691,1713,3099,1503,592,210,24,24,8,13,3,24,-,-,24,-,667,431,236,12259,6300,9520,5128,2739,1172,200,178,22,22,19,5071,2506,3922,2041,1149,465,3907,1871,3202,1612,705,259,24,24,8,13,3,24,-,-,24,-,630,410,220,11388,5795,8898,4709,2490,1086,149,148,21,1,1,4743,2344,3672,1862,1071,482,3493,1718,2950,1535,543,183
"부산광역시","공립",-,-,-,-,-,-,-,-,-,-,-,-,-,-,-,-,-,-,-,-,-,-,-,-,-,-,-,-,-,-,-,-,-,-,-,-,-,-,-,-,-,-,-,-,-,-,-,-,-,-,-,-,-,-,-,-,-,-,-,-,-,-,-,-,-,-,-,-,-,-,-,-,-,-,-,-,-,-,-,-,-,-,-,-,-,-,-,-,-,-,-,-,-,-,-,-,-,-,-,-,-,-,-,-,-,-,-,-,-,-,-,-,-,-,-,-,-,-,-,-,-,-,-,-,-,-,-,-,-,-,-,-,-,-,-,-,-,-,-,-,-,-,-,-,-,-,-,-,-,-,-,-,-,-,-,-,-,-,-,-,-,-,-,-,-,-,-,-,-,-,-,-,-,-,-,-,-,-,-,-,-,-,-,-,-,-,-,-,-,-,-,-,-,-,-,-,-,-,-,-,-
"부산광역시","사립",50,14,34,2,-,50,-,439,176,7482,4353,6050,3583,1432,770,83,20,36,23,3010,1738,2373,1393,637,345,2314,1405,1941,1204,373,201,49,14,33,2,-,49,-,409,174,7399,4297,5865,3470,1534,827,95,29,35,23,3109,1787,2369,1386,740,401,2421,1405,2042,1210,379,195,47,14,31,2,-,47,-,384,174,7358,4293,5756,3406,1602,887,144,38,39,24,3102,1835,2399,1441,703,394,2411,1441,2003,1228,408,213,47,47,14,31,2,47,-,-,47,-,567,387,180,7279,4166,5706,3321,1573,845,187,151,37,36,25,3033,1683,2321,1307,712,376,2211,1276,1809,1083,402,193,47,47,14,31,2,47,-,-,47,-,574,391,183,7408,4297,5789,3388,1619,909,183,146,40,37,22,3239,1906,2495,1463,744,443,2383,1407,1910,1157,473,250,51,51,16,33,2,51,-,-,51,-,582,393,189,7686,4483,6003,3540,1683,943,141,131,36,10,5,3297,1906,2540,1493,757,413,2458,1402,1987,1150,471,252
"대구광역시","계",42,10,32,-,-,42,-,413,154,12415,6415,10148,5478,2267,937,167,25,-,-,4350,2322,3546,1962,804,360,3600,1848,3173,1669,427,179,37,10,27,-,-,37,-,408,158,12104,6315,9673,5314,2431,1001,174,25,-,-,4570,2390,3695,2014,875,376,3725,1985,3294,1812,431,173,35,8,27,-,-,35,-,412,168,12193,6458,9562,5378,2631,1080,256,32,-,-,4843,2588,3847,2136,996,452,3758,1988,3269,1789,489,199,35,35,8,27,-,35,-,-,35,-,589,417,172,12237,6571,9573,5514,2664,1057,310,310,39,-,-,4535,2477,3674,2130,861,347,3306,1771,2814,1569,492,202,34,34,8,26,-,34,-,-,34,-,596,423,173,12149,6519,9545,5484,2604,1035,314,314,38,-,-,4687,2565,3803,2168,884,397,3706,2009,3170,1788,536,221,46,46,13,31,2,46,-,-,46,-,587,423,164,12122,6692,9483,5617,2639,1075,353,353,41,-,-,4542,2535,3668,2150,874,385,3547,1885,3000,1652,547,233
"대구광역시","국립",15,5,10,-,-,15,-,264,105,8494,3978,6701,3297,1793,681,154,17,-,-,2780,1345,2211,1110,569,235,2289,1055,1970,939,319,116,15,5,10,-,-,15,-,266,108,8173,3839,6312,3163,1861,676,160,17,-,-,2971,1369,2356,1148,615,221,2440,1140,2108,1022,332,118,13,3,10,-,-,13,-,271,118,8196,3935,6210,3223,1986,712,240,23,-,-,3118,1528,2441,1260,677,268,2434,1151,2060,1006,374,145,13,13,3,10,-,13,-,-,13,-,410,289,121,8504,4138,6405,3403,2099,735,291,291,29,-,-,3233,1583,2543,1328,690,255,2153,1017,1768,878,385,139,15,15,4,11,-,15,-,-,15,-,419,296,123,8642,4185,6533,3441,2109,744,296,296,30,-,-,3292,1632,2632,1373,660,259,2400,1174,2030,1039,370,135,17,17,5,12,-,17,-,-,17,-,398,283,115,8494,4273,6422,3511,2072,762,337,337,34,-,-,3163,1613,2521,1355,642,258,2247,1087,1915,966,332,121
"대구광역시","공립",-,-,-,-,-,-,-,-,-,-,-,-,-,-,-,-,-,-,-,-,-,-,-,-,-,-,-,-,-,-,-,-,-,-,-,-,-,-,-,-,-,-,-,-,-,-,-,-,-,-,-,-,-,-,-,-,-,-,-,-,-,-,-,-,-,-,-,-,-,-,-,-,-,-,-,-,-,-,-,-,-,-,-,-,-,-,-,-,-,-,-,-,-,-,-,-,-,-,-,-,-,-,-,-,-,-,-,-,-,-,-,-,-,-,-,-,-,-,-,-,-,-,-,-,-,-,-,-,-,-,-,-,-,-,-,-,-,-,-,-,-,-,-,-,-,-,-,-,-,-,-,-,-,-,-,-,-,-,-,-,-,-,-,-,-,-,-,-,-,-,-,-,-,-,-,-,-,-,-,-,-,-,-,-,-,-,-,-,-,-,-,-,-,-,-,-,-,-,-,-,-
"대구광역시","사립",27,5,22,-,-,27,-,149,49,3921,2437,3447,2181,474,256,13,8,-,-,1570,977,1335,852,235,125,1311,793,1203,730,108,63,22,5,17,-,-,22,-,142,50,3931,2476,3361,2151,570,325,14,8,-,-,1599,1021,1339,866,260,155,1285,845,1186,790,99,55,22,5,17,-,-,22,-,141,50,3997,2523,3352,2155,645,368,16,9,-,-,1725,1060,1406,876,319,184,1324,837,1209,783,115,54,22,22,5,17,-,22,-,-,22,-,179,128,51,3733,2433,3168,2111,565,322,19,19,10,-,-,1302,894,1131,802,171,92,1153,754,1046,691,107,63,19,19,4,15,-,19,-,-,19,-,177,127,50,3507,2334,3012,2043,495,291,18,18,8,-,-,1395,933,1171,795,224,138,1306,835,1140,749,166,86,29,29,8,19,2,29,-,-,29,-,189,140,49,3628,2419,3061,2106,567,313,16,16,7,-,-,1379,922,1147,795,232,127,1300,798,1085,686,215,112
"인천광역시","계",23,9,11,3,-,23,2,246,115,7604,3727,6197,3236,1407,491,276,80,60,30,2791,1361,2337,1200,454,161,2288,1073,2037,995,251,78,23,8,12,3,-,23,2,260,117,7221,3564,5842,3069,1379,495,278,82,65,39,2648,1287,2199,1123,449,164,2389,1169,2131,1082,258,87,25,9,12,4,-,25,2,267,116,7048,3546,5660,3031,1388,515,282,84,65,40,2777,1383,2304,1204,473,179,2331,1151,2042,1046,289,105,26,26,9,13,4,26,-,-,26,2,392,274,118,7263,3714,5888,3213,1375,501,131,95,26,36,20,3021,1537,2560,1365,461,172,2172,1093,1864,979,308,114,26,26,9,13,4,26,-,-,26,2,380,263,117,7276,3777,5914,3268,1362,509,126,94,25,32,21,2930,1470,2426,1269,504,201,2328,1173,2023,1065,305,108,29,29,12,13,4,29,-,-,29,2,415,285,130,7968,4183,6344,3534,1624,649,132,96,28,36,20,3204,1657,2652,1423,552,234,2542,1309,2202,1192,340,117
"인천광역시","국립",9,2,6,1,-,9,-,137,50,3408,1954,2975,1789,433,165,12,3,-,-,1192,651,1044,591,148,60,905,531,840,514,65,17,9,2,6,1,-,9,-,148,50,3288,1886,2848,1723,440,163,12,3,-,-,1161,646,1005,598,156,48,937,546,869,526,68,20,9,2,6,1,-,9,-,142,52,3152,1871,2719,1702,433,169,12,3,-,-,1109,637,962,581,147,56,924,510,844,478,80,32,9,9,2,6,1,9,-,-,9,-,198,147,51,3115,1879,2727,1735,388,144,11,11,3,-,-,1195,699,1072,654,123,45,913,529,824,500,89,29,9,9,2,6,1,9,-,-,9,-,194,140,54,3035,1865,2676,1728,359,137,11,11,3,-,-,1159,681,1010,618,149,63,969,549,877,520,92,29,9,9,2,6,1,9,-,-,9,-,205,150,55,3062,1905,2677,1744,385,161,11,11,3,-,-,1176,691,1013,622,163,69,930,532,846,504,84,28
"인천광역시","공립",-,-,-,-,-,-,-,-,-,-,-,-,-,-,-,-,-,-,-,-,-,-,-,-,-,-,-,-,-,-,-,-,-,-,-,-,-,-,-,-,-,-,-,-,-,-,-,-,-,-,-,-,-,-,-,-,-,-,-,-,-,-,-,-,-,-,-,-,-,-,-,-,-,-,-,-,-,-,-,-,-,-,-,-,-,-,-,-,-,-,-,-,-,-,-,-,-,-,-,-,-,-,-,-,-,-,-,-,-,-,-,-,-,-,-,-,-,-,-,-,-,-,-,-,-,-,-,-,-,-,-,-,-,-,-,-,-,-,-,-,-,-,-,-,-,-,-,-,-,-,-,-,-,-,-,-,-,-,-,-,-,-,-,-,-,-,-,-,-,-,-,-,-,-,-,-,-,-,-,-,-,-,-,-,-,-,-,-,-,-,-,-,-,-,-,-,-,-,-,-,-
"인천광역시","사립",14,7,5,2,-,14,2,109,65,4196,1773,3222,1447,974,326,264,77,60,30,1599,710,1293,609,306,101,1383,542,1197,481,186,61,14,6,6,2,-,14,2,112,67,3933,1678,2994,1346,939,332,266,79,65,39,1487,641,1194,525,293,116,1452,623,1262,556,190,67,16,7,6,3,-,16,2,125,64,3896,1675,2941,1329,955,346,270,81,65,40,1668,746,1342,623,326,123,1407,641,1198,568,209,73,17,17,7,7,3,17,-,-,17,2,194,127,67,4148,1835,3161,1478,987,357,120,84,23,36,20,1826,838,1488,711,338,127,1259,564,1040,479,219,85,17,17,7,7,3,17,-,-,17,2,186,123,63,4241,1912,3238,1540,1003,372,115,83,22,32,21,1771,789,1416,651,355,138,1359,624,1146,545,213,79,20,20,10,7,3,20,-,-,20,2,210,135,75,4906,2278,3667,1790,1239,488,121,85,25,36,20,2028,966,1639,801,389,165,1612,777,1356,688,256,89
"광주광역시","계",43,19,18,6,-,43,-,493,233,13256,6401,9838,5068,3418,1333,316,44,42,23,4765,2376,3536,1875,1229,501,3834,1974,3286,1757,548,217,43,19,18,6,-,43,-,481,231,12502,6001,9037,4703,3465,1298,318,50,39,21,4505,2220,3343,1735,1162,485,3703,1838,3110,1596,593,242,43,19,18,6,-,43,-,473,238,12286,5928,8776,4587,3510,1341,329,48,39,25,4670,2378,3431,1815,1239,563,3485,1744,2883,1522,602,222,42,42,19,17,6,42,-,-,42,-,732,490,242,12381,6113,8873,4729,3508,1384,212,170,32,42,31,4715,2439,3556,1950,1159,489,3337,1696,2716,1466,621,230,44,44,20,18,6,44,-,-,44,-,728,487,241,12116,6035,8666,4711,3450,1324,219,178,37,41,27,4608,2379,3486,1911,1122,468,3562,1787,2894,1530,668,257,44,44,20,18,6,44,-,-,44,-,723,483,240,12025,6113,8642,4737,3383,1376,230,190,41,40,25,4591,2522,3511,1981,1080,541,3480,1833,2754,1523,726,310
"광주광역시","국립",10,5,2,3,-,10,-,227,123,7508,3442,5123,2616,2385,826,299,37,37,22,2578,1168,1823,910,755,258,2078,1015,1739,882,339,133,10,5,2,3,-,10,-,221,120,7190,3190,4766,2399,2424,791,299,39,37,21,2531,1128,1813,873,718,255,1962,948,1589,801,373,147,10,5,2,3,-,10,-,218,125,7161,3155,4713,2379,2448,776,304,38,39,25,2554,1195,1809,907,745,288,1714,812,1339,687,375,125,10,10,5,2,3,10,-,-,10,-,362,233,129,7333,3348,4852,2502,2481,846,193,151,22,42,31,2675,1307,1938,1022,737,285,1783,853,1392,723,391,130,12,12,6,3,3,12,-,-,12,-,355,229,126,7249,3366,4777,2515,2472,851,198,157,26,41,27,2645,1293,1948,1027,697,266,1890,903,1476,760,414,143,12,12,6,3,3,12,-,-,12,-,354,226,128,7229,3442,4808,2560,2421,882,209,169,30,40,25,2634,1372,1962,1065,672,307,1823,890,1403,740,420,150
"광주광역시","공립",-,-,-,-,-,-,-,-,-,-,-,-,-,-,-,-,-,-,-,-,-,-,-,-,-,-,-,-,-,-,-,-,-,-,-,-,-,-,-,-,-,-,-,-,-,-,-,-,-,-,-,-,-,-,-,-,-,-,-,-,-,-,-,-,-,-,-,-,-,-,-,-,-,-,-,-,-,-,-,-,-,-,-,-,-,-,-,-,-,-,-,-,-,-,-,-,-,-,-,-,-,-,-,-,-,-,-,-,-,-,-,-,-,-,-,-,-,-,-,-,-,-,-,-,-,-,-,-,-,-,-,-,-,-,-,-,-,-,-,-,-,-,-,-,-,-,-,-,-,-,-,-,-,-,-,-,-,-,-,-,-,-,-,-,-,-,-,-,-,-,-,-,-,-,-,-,-,-,-,-,-,-,-,-,-,-,-,-,-,-,-,-,-,-,-,-,-,-,-,-,-
"광주광역시","사립",33,14,16,3,-,33,-,266,110,5748,2959,4715,2452,1033,507,17,7,5,1,2187,1208,1713,965,474,243,1756,959,1547,875,209,84,33,14,16,3,-,33,-,260,111,5312,2811,4271,2304,1041,507,19,11,2,-,1974,1092,1530,862,444,230,1741,890,1521,795,220,95,33,14,16,3,-,33,-,255,113,5125,2773,4063,2208,1062,565,25,10,-,-,2116,1183,1622,908,494,275,1771,932,1544,835,227,97,32,32,14,15,3,32,-,-,32,-,370,257,113,5048,2765,4021,2227,1027,538,19,19,10,-,-,2040,1132,1618,928,422,204,1554,843,1324,743,230,100,32,32,14,15,3,32,-,-,32,-,373,258,115,4867,2669,3889,2196,978,473,21,21,11,-,-,1963,1086,1538,884,425,202,1672,884,1418,770,254,114,32,32,14,15,3,32,-,-,32,-,369,257,112,4796,2671,3834,2177,962,494,21,21,11,-,-,1957,1150,1549,916,408,234,1657,943,1351,783,306,160
"대전광역시","계",64,25,33,6,-,64,2,550,340,21008,7681,13003,5525,8005,2156,1002,121,202,111,7592,2894,5615,2313,1977,581,6223,2295,4914,1938,1309,357,63,25,33,5,-,63,2,532,339,20940,7681,12704,5403,8236,2278,1179,151,196,107,7551,2979,5336,2261,2215,718,6322,2398,4921,2047,1401,351,60,25,30,5,-,60,2,521,352,20979,7765,12337,5262,8642,2503,1187,162,84,25,7938,3161,5496,2331,2442,830,6463,2474,4980,2069,1483,405,58,58,22,31,5,58,-,-,58,2,850,503,347,21065,7893,12258,5231,8807,2662,1388,1301,189,87,29,7643,3098,5429,2325,2214,773,5977,2282,4516,1884,1461,398,55,55,22,28,5,55,-,-,55,2,872,513,359,21361,8188,12288,5389,9073,2799,1474,1388,212,86,29,7847,3300,5494,2441,2353,859,6098,2391,4660,1973,1438,418,56,56,23,28,5,56,-,-,56,2,859,499,360,20652,8142,11696,5366,8956,2776,1551,1457,226,94,41,7637,3285,5287,2450,2350,835,5717,2260,4125,1795,1592,465
"대전광역시","국립",19,10,8,1,-,19,-,218,144,13537,4196,7991,3003,5546,1193,190,27,116,86,4799,1499,3499,1191,1300,308,4004,1251,3042,1025,962,226,19,10,8,1,-,19,-,219,144,13421,4168,7906,2989,5515,1179,195,25,112,84,4706,1576,3403,1250,1303,326,4005,1266,2990,1048,1015,218,19,10,8,1,-,19,-,222,143,13350,4210,7688,2951,5662,1259,197,25,-,-,4930,1657,3452,1261,1478,396,4127,1307,3065,1058,1062,249,19,19,9,9,1,19,-,-,19,-,378,229,149,13760,4458,7958,3066,5802,1392,223,223,28,-,-,5042,1807,3635,1377,1407,430,3849,1243,2818,1014,1031,229,19,19,9,9,1,19,-,-,19,-,374,225,149,14071,4713,8162,3296,5909,1417,236,236,30,-,-,5115,1903,3676,1485,1439,418,3881,1284,2909,1054,972,230,19,19,9,9,1,19,-,-,19,-,375,220,155,13342,4565,7375,3113,5967,1452,207,207,31,-,-,4818,1807,3341,1375,1477,432,3527,1199,2571,1003,956,196
"대전광역시","공립",-,-,-,-,-,-,-,-,-,-,-,-,-,-,-,-,-,-,-,-,-,-,-,-,-,-,-,-,-,-,-,-,-,-,-,-,-,-,-,-,-,-,-,-,-,-,-,-,-,-,-,-,-,-,-,-,-,-,-,-,-,-,-,-,-,-,-,-,-,-,-,-,-,-,-,-,-,-,-,-,-,-,-,-,-,-,-,-,-,-,-,-,-,-,-,-,-,-,-,-,-,-,-,-,-,-,-,-,-,-,-,-,-,-,-,-,-,-,-,-,-,-,-,-,-,-,-,-,-,-,-,-,-,-,-,-,-,-,-,-,-,-,-,-,-,-,-,-,-,-,-,-,-,-,-,-,-,-,-,-,-,-,-,-,-,-,-,-,-,-,-,-,-,-,-,-,-,-,-,-,-,-,-,-,-,-,-,-,-,-,-,-,-,-,-,-,-,-,-,-,-
"대전광역시","사립",45,15,25,5,-,45,2,332,196,7471,3485,5012,2522,2459,963,812,94,86,25,2793,1395,2116,1122,677,273,2219,1044,1872,913,347,131,44,15,25,4,-,44,2,313,195,7519,3513,4798,2414,2721,1099,984,126,84,23,2845,1403,1933,1011,912,392,2317,1132,1931,999,386,133,41,15,22,4,-,41,2,299,209,7629,3555,4649,2311,2980,1244,990,137,84,25,3008,1504,2044,1070,964,434,2336,1167,1915,1011,421,156,39,39,13,22,4,39,-,-,39,2,472,274,198,7305,3435,4300,2165,3005,1270,1165,1078,161,87,29,2601,1291,1794,948,807,343,2128,1039,1698,870,430,169,36,36,13,19,4,36,-,-,36,2,498,288,210,7290,3475,4126,2093,3164,1382,1238,1152,182,86,29,2732,1397,1818,956,914,441,2217,1107,1751,919,466,188,37,37,14,19,4,37,-,-,37,2,484,279,205,7310,3577,4321,2253,2989,1324,1344,1250,195,94,41,2819,1478,1946,1075,873,403,2190,1061,1554,792,636,269
"울산광역시","계",10,6,4,-,-,10,1,85,45,3985,1552,2107,1025,1878,527,40,7,32,12,1315,577,817,409,498,168,1000,423,811,365,189,58,10,6,4,-,-,10,1,84,48,4193,1636,2212,1078,1981,558,45,9,37,16,1529,642,1002,464,527,178,1123,486,867,400,256,86,10,6,4,-,-,10,1,86,50,4307,1703,2299,1102,2008,601,44,7,55,23,1420,612,935,426,485,186,1128,484,810,395,318,89,10,10,6,4,-,10,-,-,10,1,133,86,47,4559,1848,2472,1214,2087,634,124,78,9,46,20,1655,726,1090,522,565,204,1137,479,806,377,331,102,10,10,6,4,-,10,-,-,10,1,133,85,48,4610,1909,2425,1220,2185,689,115,75,8,40,18,1515,664,949,465,566,199,1242,505,866,402,376,103,10,10,6,4,-,10,-,-,10,1,129,80,49,4465,1871,2324,1184,2141,687,140,90,8,50,23,1436,632,944,457,492,175,1336,553,973,452,363,101
"울산광역시","국립",4,4,-,-,-,4,-,21,18,1784,442,489,150,1295,292,12,-,-,-,470,148,203,75,267,73,253,97,192,82,61,15,4,4,-,-,-,4,-,20,18,1895,487,512,166,1383,321,12,-,-,-,504,148,223,72,281,76,314,88,198,61,116,27,4,4,-,-,-,4,-,21,18,1950,527,536,182,1414,345,13,-,-,-,505,173,240,86,265,87,371,112,225,82,146,30,4,4,4,-,-,4,-,-,4,-,40,22,18,2197,639,648,237,1549,402,13,13,-,-,-,726,246,349,125,377,121,409,117,224,73,185,44,4,4,4,-,-,4,-,-,4,-,40,21,19,2323,700,651,234,1672,466,19,19,-,-,-,625,198,241,83,384,115,411,114,212,78,199,36,4,4,4,-,-,4,-,-,4,-,43,23,20,2298,692,623,216,1675,476,34,34,1,-,-,584,181,271,91,313,90,530,170,312,121,218,49
"울산광역시","공립",-,-,-,-,-,-,-,-,-,-,-,-,-,-,-,-,-,-,-,-,-,-,-,-,-,-,-,-,-,-,-,-,-,-,-,-,-,-,-,-,-,-,-,-,-,-,-,-,-,-,-,-,-,-,-,-,-,-,-,-,-,-,-,-,-,-,-,-,-,-,-,-,-,-,-,-,-,-,-,-,-,-,-,-,-,-,-,-,-,-,-,-,-,-,-,-,-,-,-,-,-,-,-,-,-,-,-,-,-,-,-,-,-,-,-,-,-,-,-,-,-,-,-,-,-,-,-,-,-,-,-,-,-,-,-,-,-,-,-,-,-,-,-,-,-,-,-,-,-,-,-,-,-,-,-,-,-,-,-,-,-,-,-,-,-,-,-,-,-,-,-,-,-,-,-,-,-,-,-,-,-,-,-,-,-,-,-,-,-,-,-,-,-,-,-,-,-,-,-,-,-
"울산광역시","사립",6,2,4,-,-,6,1,64,27,2201,1110,1618,875,583,235,28,7,32,12,845,429,614,334,231,95,747,326,619,283,128,43,6,2,4,-,-,6,1,64,30,2298,1149,1700,912,598,237,33,9,37,16,1025,494,779,392,246,102,809,398,669,339,140,59,6,2,4,-,-,6,1,65,32,2357,1176,1763,920,594,256,31,7,55,23,915,439,695,340,220,99,757,372,585,313,172,59,6,6,2,4,-,6,-,-,6,1,93,64,29,2362,1209,1824,977,538,232,111,65,9,46,20,929,480,741,397,188,83,728,362,582,304,146,58,6,6,2,4,-,6,-,-,6,1,93,64,29,2287,1209,1774,986,513,223,96,56,8,40,18,890,466,708,382,182,84,831,391,654,324,177,67,6,6,2,4,-,6,-,-,6,1,86,57,29,2167,1179,1701,968,466,211,106,56,7,50,23,852,451,673,366,179,85,806,383,661,331,145,52
"세종특별자치시","계",10,4,4,2,-,10,1,78,35,1820,725,1500,609,320,116,86,11,98,63,774,316,644,273,130,43,632,235,569,211,63,24,10,4,4,2,-,10,1,81,38,1752,683,1442,572,310,111,91,14,112,68,755,288,632,241,123,47,667,271,591,240,76,31,10,4,4,2,-,10,1,76,38,1790,740,1464,620,326,120,90,15,129,76,845,373,716,325,129,48,679,270,603,242,76,28,10,10,4,4,2,10,-,-,10,1,122,80,42,1970,822,1601,697,369,125,287,149,15,138,86,981,406,811,342,170,64,673,275,599,245,74,30,11,11,4,4,3,11,-,-,11,1,135,95,40,2075,852,1688,714,387,138,280,143,15,137,82,978,397,842,350,136,47,733,290,647,267,86,23,11,11,4,4,3,11,-,-,11,1,130,90,40,2126,908,1772,781,354,127,285,144,16,141,82,1009,454,878,403,131,51,638,274,561,242,77,32
"세종특별자치시","국립",-,-,-,-,-,-,-,-,-,-,-,-,-,-,-,-,-,-,-,-,-,-,-,-,-,-,-,-,-,-,-,-,-,-,-,-,-,-,-,-,-,-,-,-,-,-,-,-,-,-,-,-,-,-,-,-,-,-,-,-,-,-,-,-,-,-,-,-,-,-,-,-,-,-,-,-,-,-,-,-,-,-,-,-,-,-,-,-,-,-,-,-,-,-,-,-,-,-,-,-,-,-,-,-,-,-,-,-,-,-,-,-,-,-,-,-,-,-,-,-,-,-,-,-,-,-,-,-,-,1,1,-,-,1,1,-,-,1,-,3,3,-,26,14,26,14,-,-,-,-,-,-,-,26,14,26,14,-,-,-,-,-,-,-,-,1,1,-,-,1,1,-,-,1,-,3,3,-,50,32,50,32,-,-,-,-,-,-,-,24,18,24,18,-,-,-,-,-,-,-,-
"세종특별자치시","공립",-,-,-,-,-,-,-,-,-,-,-,-,-,-,-,-,-,-,-,-,-,-,-,-,-,-,-,-,-,-,-,-,-,-,-,-,-,-,-,-,-,-,-,-,-,-,-,-,-,-,-,-,-,-,-,-,-,-,-,-,-,-,-,-,-,-,-,-,-,-,-,-,-,-,-,-,-,-,-,-,-,-,-,-,-,-,-,-,-,-,-,-,-,-,-,-,-,-,-,-,-,-,-,-,-,-,-,-,-,-,-,-,-,-,-,-,-,-,-,-,-,-,-,-,-,-,-,-,-,-,-,-,-,-,-,-,-,-,-,-,-,-,-,-,-,-,-,-,-,-,-,-,-,-,-,-,-,-,-,-,-,-,-,-,-,-,-,-,-,-,-,-,-,-,-,-,-,-,-,-,-,-,-,-,-,-,-,-,-,-,-,-,-,-,-,-,-,-,-,-,-
"세종특별자치시","사립",10,4,4,2,-,10,1,78,35,1820,725,1500,609,320,116,86,11,98,63,774,316,644,273,130,43,632,235,569,211,63,24,10,4,4,2,-,10,1,81,38,1752,683,1442,572,310,111,91,14,112,68,755,288,632,241,123,47,667,271,591,240,76,31,10,4,4,2,-,10,1,76,38,1790,740,1464,620,326,120,90,15,129,76,845,373,716,325,129,48,679,270,603,242,76,28,10,10,4,4,2,10,-,-,10,1,122,80,42,1970,822,1601,697,369,125,287,149,15,138,86,981,406,811,342,170,64,673,275,599,245,74,30,10,10,4,4,2,10,-,-,10,1,132,92,40,2049,838,1662,700,387,138,280,143,15,137,82,952,383,816,336,136,47,733,290,647,267,86,23,10,10,4,4,2,10,-,-,10,1,127,87,40,2076,876,1722,749,354,127,285,144,16,141,82,985,436,854,385,131,51,638,274,561,242,77,32
"경기도","계",186,69,112,5,-,186,15,957,423,32521,14930,26083,12097,6438,2833,984,314,218,112,13254,6209,11032,5177,2222,1032,9964,4525,8794,4125,1170,400,180,68,107,5,-,180,15,939,433,33063,15616,26307,12516,6756,3100,974,327,216,106,13398,6530,11006,5393,2392,1137,10345,4798,9115,4300,1230,498,179,66,107,6,-,179,15,940,439,33197,16036,26083,12670,7114,3366,968,345,228,121,13270,6522,10903,5400,2367,1122,10585,4952,9325,4463,1260,489,184,184,68,110,6,184,-,-,184,15,1429,966,463,33136,16138,25679,12584,7457,3554,1206,982,362,224,119,13230,6445,10598,5165,2632,1280,10924,5293,9530,4680,1394,613,177,177,66,103,8,177,-,-,177,15,1440,969,471,33833,16937,25734,12868,8099,4069,1212,994,370,218,108,14180,7372,11136,5746,3044,1626,11153,5483,9565,4743,1588,740,187,187,69,108,10,187,-,-,187,14,1768,1146,622,40794,19916,29491,14604,11303,5312,1410,1175,417,235,129,16730,8228,12716,6352,4014,1876,13004,6225,10824,5271,2180,954
"경기도","국립",8,4,4,-,-,8,2,51,33,871,434,621,314,250,120,72,19,15,8,368,184,293,144,75,40,230,112,182,94,48,18,7,4,3,-,-,7,2,46,31,871,437,618,312,253,125,69,19,13,5,360,171,284,134,76,37,291,141,255,124,36,17,7,4,3,-,-,7,2,57,33,863,427,616,301,247,126,69,19,18,9,358,187,280,146,78,41,267,135,217,112,50,23,7,7,4,3,-,7,-,-,7,2,82,50,32,803,431,558,305,245,126,88,69,21,19,11,314,173,238,131,76,42,338,159,284,132,54,27,7,7,3,3,1,7,-,-,7,2,76,45,31,764,409,527,280,237,129,86,68,20,18,10,286,147,214,108,72,39,258,139,199,111,59,28,8,8,4,3,1,8,-,-,8,2,83,51,32,915,418,617,291,298,127,106,84,24,22,12,378,181,281,145,97,36,288,138,242,120,46,18
"경기도","공립",-,-,-,-,-,-,-,-,-,-,-,-,-,-,-,-,-,-,-,-,-,-,-,-,-,-,-,-,-,-,-,-,-,-,-,-,-,-,-,-,-,-,-,-,-,-,-,-,-,-,-,-,-,-,-,-,-,-,-,-,-,-,-,-,-,-,-,-,-,-,-,-,-,-,-,-,-,-,-,-,-,-,-,-,-,-,-,-,-,-,-,-,-,-,-,-,-,-,-,-,-,-,-,-,-,-,-,-,-,-,-,-,-,-,-,-,-,-,-,-,-,-,-,-,-,-,-,-,-,-,-,-,-,-,-,-,-,-,-,-,-,-,-,-,-,-,-,-,-,-,-,-,-,-,-,-,-,-,-,-,-,-,-,-,-,-,-,-,-,-,-,-,-,-,-,-,-,-,-,-,-,-,-,-,-,-,-,-,-,-,-,-,-,-,-,-,-,-,-,-,-
"경기도","사립",178,65,108,5,-,178,13,906,390,31650,14496,25462,11783,6188,2713,912,295,203,104,12886,6025,10739,5033,2147,992,9734,4413,8612,4031,1122,382,173,64,104,5,-,173,13,893,402,32192,15179,25689,12204,6503,2975,905,308,203,101,13038,6359,10722,5259,2316,1100,10054,4657,8860,4176,1194,481,172,62,104,6,-,172,13,883,406,32334,15609,25467,12369,6867,3240,899,326,210,112,12912,6335,10623,5254,2289,1081,10318,4817,9108,4351,1210,466,177,177,64,107,6,177,-,-,177,13,1347,916,431,32333,15707,25121,12279,7212,3428,1118,913,341,205,108,12916,6272,10360,5034,2556,1238,10586,5134,9246,4548,1340,586,170,170,63,100,7,170,-,-,170,13,1364,924,440,33069,16528,25207,12588,7862,3940,1126,926,350,200,98,13894,7225,10922,5638,2972,1587,10895,5344,9366,4632,1529,712,179,179,65,105,9,179,-,-,179,12,1685,1095,590,39879,19498,28874,14313,11005,5185,1304,1091,393,213,117,16352,8047,12435,6207,3917,1840,12716,6087,10582,5151,2134,936
"강원특별자치도","계",43,12,31,-,-,43,-,498,198,7063,3257,5499,2687,1564,570,190,39,4,2,2451,1139,1952,951,499,188,2051,945,1753,843,298,102,42,12,29,1,-,42,-,525,225,7682,3566,5840,2891,1842,675,196,39,4,2,2691,1274,2117,1055,574,219,2000,946,1724,850,276,96,41,12,27,2,-,41,-,511,232,7617,3587,5799,2910,1818,677,196,40,5,2,2765,1343,2187,1105,578,238,2063,985,1717,849,346,136,41,41,11,29,1,41,-,-,41,-,776,537,239,7642,3586,5801,2911,1841,675,291,283,57,8,4,2952,1373,2290,1131,662,242,2229,1101,1893,978,336,123,41,41,11,29,1,41,-,-,41,-,791,543,248,7839,3750,5969,3053,1870,697,286,277,62,9,6,2958,1490,2333,1216,625,274,2106,1011,1738,868,368,143,41,41,12,28,1,41,-,-,41,-,780,533,247,7980,3895,5983,3087,1997,808,152,140,24,12,8,3015,1490,2262,1152,753,338,2184,1089,1821,954,363,135
"강원특별자치도","국립",21,8,13,-,-,21,-,343,137,5167,2317,3937,1900,1230,417,188,38,4,2,1611,712,1255,595,356,117,1356,596,1139,521,217,75,21,8,13,-,-,21,-,342,136,4978,2263,3824,1862,1154,401,194,38,4,2,1650,734,1270,590,380,144,1332,595,1134,532,198,63,21,8,13,-,-,21,-,333,143,4866,2247,3755,1860,1111,387,195,39,5,2,1613,755,1274,634,339,121,1204,568,998,483,206,85,20,20,7,13,-,20,-,-,20,-,487,341,146,4849,2258,3722,1856,1127,402,284,279,54,5,2,1757,792,1327,633,430,159,1260,604,1065,531,195,73,20,20,7,13,-,20,-,-,20,-,493,339,154,4893,2277,3741,1856,1152,421,278,271,57,7,4,1670,783,1299,631,371,152,1163,544,962,480,201,64,21,21,8,13,-,21,-,-,21,-,496,339,157,4957,2324,3731,1848,1226,476,141,133,19,8,5,1746,802,1266,606,480,196,1246,593,1040,522,206,71
"강원특별자치도","공립",-,-,-,-,-,-,-,-,-,-,-,-,-,-,-,-,-,-,-,-,-,-,-,-,-,-,-,-,-,-,-,-,-,-,-,-,-,-,-,-,-,-,-,-,-,-,-,-,-,-,-,-,-,-,-,-,-,-,-,-,-,-,-,-,-,-,-,-,-,-,-,-,-,-,-,-,-,-,-,-,-,-,-,-,-,-,-,-,-,-,-,-,-,-,-,-,-,-,-,-,-,-,-,-,-,-,-,-,-,-,-,-,-,-,-,-,-,-,-,-,-,-,-,-,-,-,-,-,-,-,-,-,-,-,-,-,-,-,-,-,-,-,-,-,-,-,-,-,-,-,-,-,-,-,-,-,-,-,-,-,-,-,-,-,-,-,-,-,-,-,-,-,-,-,-,-,-,-,-,-,-,-,-,-,-,-,-,-,-,-,-,-,-,-,-,-,-,-,-,-,-
"강원특별자치도","사립",22,4,18,-,-,22,-,155,61,1896,940,1562,787,334,153,2,1,-,-,840,427,697,356,143,71,695,349,614,322,81,27,21,4,16,1,-,21,-,183,89,2704,1303,2016,1029,688,274,2,1,-,-,1041,540,847,465,194,75,668,351,590,318,78,33,20,4,14,2,-,20,-,178,89,2751,1340,2044,1050,707,290,1,1,-,-,1152,588,913,471,239,117,859,417,719,366,140,51,21,21,4,16,1,21,-,-,21,-,289,196,93,2793,1328,2079,1055,714,273,7,4,3,3,2,1195,581,963,498,232,83,969,497,828,447,141,50,21,21,4,16,1,21,-,-,21,-,298,204,94,2946,1473,2228,1197,718,276,8,6,5,2,2,1288,707,1034,585,254,122,943,467,776,388,167,79,20,20,4,15,1,20,-,-,20,-,284,194,90,3023,1571,2252,1239,771,332,11,7,5,4,3,1269,688,996,546,273,142,938,496,781,432,157,64
"충청북도","계",42,14,28,-,-,42,-,511,210,11146,6047,9102,5086,2044,961,161,43,4,2,4251,2259,3494,1904,757,355,2932,1500,2593,1374,339,126,42,13,29,-,-,42,-,502,208,10888,5930,8781,4950,2107,980,274,59,4,1,3939,1967,3173,1672,766,295,2911,1438,2520,1304,391,134,42,13,29,-,-,42,-,490,212,10979,5899,8755,4893,2224,1006,266,60,4,1,4117,2058,3286,1712,831,346,2975,1514,2532,1346,443,168,41,41,13,28,-,41,-,-,41,-,692,485,207,11171,5975,8872,4889,2299,1086,263,259,57,4,1,4357,2213,3508,1821,849,392,2903,1540,2462,1359,441,181,41,41,13,27,1,41,-,-,41,-,718,502,216,11412,6113,8953,4941,2459,1172,259,255,63,4,2,4456,2293,3503,1857,953,436,3367,1843,2886,1624,481,219,44,44,15,27,2,44,-,-,44,-,732,503,229,11543,6290,9082,5131,2461,1159,241,241,63,-,-,4405,2282,3558,1929,847,353,3052,1620,2672,1442,380,178
"충청북도","국립",17,8,9,-,-,17,-,344,153,9179,5056,7498,4257,1681,799,53,9,-,-,3449,1830,2835,1548,614,282,2305,1174,2057,1074,248,100,17,7,10,-,-,17,-,340,152,8807,4882,7142,4096,1665,786,54,9,-,-,3045,1555,2492,1338,553,217,2280,1142,1992,1044,288,98,17,7,10,-,-,17,-,333,154,8724,4805,7019,4026,1705,779,54,9,-,-,3117,1571,2499,1331,618,240,2302,1184,1979,1061,323,123,17,17,7,10,-,17,-,-,17,-,481,334,147,8884,4862,7144,4045,1740,817,57,57,9,-,-,3413,1740,2805,1477,608,263,2210,1172,1926,1065,284,107,17,17,7,9,1,17,-,-,17,-,487,338,149,8921,4879,7196,4074,1725,805,55,55,11,-,-,3297,1718,2729,1476,568,242,2602,1451,2303,1321,299,130,18,18,7,10,1,18,-,-,18,-,478,328,150,8766,4928,7155,4162,1611,766,48,48,10,-,-,3228,1735,2692,1504,536,231,2273,1244,2034,1136,239,108
"충청북도","공립",-,-,-,-,-,-,-,-,-,-,-,-,-,-,-,-,-,-,-,-,-,-,-,-,-,-,-,-,-,-,-,-,-,-,-,-,-,-,-,-,-,-,-,-,-,-,-,-,-,-,-,-,-,-,-,-,-,-,-,-,-,-,-,-,-,-,-,-,-,-,-,-,-,-,-,-,-,-,-,-,-,-,-,-,-,-,-,-,-,-,-,-,-,-,-,-,-,-,-,-,-,-,-,-,-,-,-,-,-,-,-,-,-,-,-,-,-,-,-,-,-,-,-,-,-,-,-,-,-,-,-,-,-,-,-,-,-,-,-,-,-,-,-,-,-,-,-,-,-,-,-,-,-,-,-,-,-,-,-,-,-,-,-,-,-,-,-,-,-,-,-,-,-,-,-,-,-,-,-,-,-,-,-,-,-,-,-,-,-,-,-,-,-,-,-,-,-,-,-,-,-
"충청북도","사립",25,6,19,-,-,25,-,167,57,1967,991,1604,829,363,162,108,34,4,2,802,429,659,356,143,73,627,326,536,300,91,26,25,6,19,-,-,25,-,162,56,2081,1048,1639,854,442,194,220,50,4,1,894,412,681,334,213,78,631,296,528,260,103,36,25,6,19,-,-,25,-,157,58,2255,1094,1736,867,519,227,212,51,4,1,1000,487,787,381,213,106,673,330,553,285,120,45,24,24,6,18,-,24,-,-,24,-,211,151,60,2287,1113,1728,844,559,269,206,202,48,4,1,944,473,703,344,241,129,693,368,536,294,157,74,24,24,6,18,-,24,-,-,24,-,231,164,67,2491,1234,1757,867,734,367,204,200,52,4,2,1159,575,774,381,385,194,765,392,583,303,182,89,26,26,8,17,1,26,-,-,26,-,254,175,79,2777,1362,1927,969,850,393,193,193,53,-,-,1177,547,866,425,311,122,779,376,638,306,141,70
"충청남도","계",56,20,33,3,-,56,1,642,262,12913,6430,10423,5324,2490,1106,178,42,39,20,5016,2453,4154,2062,862,391,3703,1877,3307,1717,396,160,56,20,33,3,-,56,1,639,262,12988,6547,10263,5308,2725,1239,171,39,41,19,5022,2529,3927,2024,1095,505,3775,1918,3312,1733,463,185,59,20,36,3,-,59,1,676,280,13098,6719,10074,5297,3024,1422,187,42,37,16,5126,2644,3985,2093,1141,551,3904,1929,3357,1716,547,213,60,60,20,37,3,60,-,-,60,1,970,677,293,13339,6856,10240,5428,3099,1428,212,176,43,36,18,5099,2588,4081,2146,1018,442,3734,1860,3206,1655,528,205,60,60,21,36,3,60,-,-,60,1,968,677,291,13423,6999,10247,5507,3176,1492,209,173,42,36,19,5355,2825,4076,2187,1279,638,4151,2135,3431,1804,720,331,66,66,27,36,3,66,-,-,66,1,936,661,275,13179,6880,10189,5506,2990,1374,221,174,43,47,26,5372,2806,4300,2303,1072,503,3853,1966,3108,1643,745,323
"충청남도","국립",11,4,7,-,-,11,-,182,72,3879,2074,3184,1778,695,296,11,3,-,-,1361,754,1139,649,222,105,1037,565,930,521,107,44,11,4,7,-,-,11,-,182,74,3848,2156,3143,1842,705,314,13,6,-,-,1357,784,1136,691,221,93,1001,563,896,512,105,51,12,4,8,-,-,12,-,188,74,3759,2146,3056,1827,703,319,15,6,-,-,1314,713,1086,620,228,93,1006,499,874,460,132,39,14,14,4,10,-,14,-,-,14,-,279,197,82,3901,2205,3174,1893,727,312,15,15,6,-,-,1475,809,1241,715,234,94,1001,532,881,487,120,45,12,12,4,8,-,12,-,-,12,-,288,204,84,3930,2214,3241,1914,689,300,15,15,6,-,-,1496,828,1277,733,219,95,1064,614,928,556,136,58,14,14,7,7,-,14,-,-,14,-,281,201,80,3884,2216,3201,1905,683,311,26,16,6,10,7,1483,843,1243,734,240,109,1046,592,914,543,132,49
"충청남도","공립",-,-,-,-,-,-,-,-,-,-,-,-,-,-,-,-,-,-,-,-,-,-,-,-,-,-,-,-,-,-,-,-,-,-,-,-,-,-,-,-,-,-,-,-,-,-,-,-,-,-,-,-,-,-,-,-,-,-,-,-,-,-,-,-,-,-,-,-,-,-,-,-,-,-,-,-,-,-,-,-,-,-,-,-,-,-,-,-,-,-,-,-,-,-,-,-,-,-,-,-,-,-,-,-,-,-,-,-,-,-,-,-,-,-,-,-,-,-,-,-,-,-,-,-,-,-,-,-,-,-,-,-,-,-,-,-,-,-,-,-,-,-,-,-,-,-,-,-,-,-,-,-,-,-,-,-,-,-,-,-,-,-,-,-,-,-,-,-,-,-,-,-,-,-,-,-,-,-,-,-,-,-,-,-,-,-,-,-,-,-,-,-,-,-,-,-,-,-,-,-,-
"충청남도","사립",45,16,26,3,-,45,1,460,190,9034,4356,7239,3546,1795,810,167,39,39,20,3655,1699,3015,1413,640,286,2666,1312,2377,1196,289,116,45,16,26,3,-,45,1,457,188,9140,4391,7120,3466,2020,925,158,33,41,19,3665,1745,2791,1333,874,412,2774,1355,2416,1221,358,134,47,16,28,3,-,47,1,488,206,9339,4573,7018,3470,2321,1103,172,36,37,16,3812,1931,2899,1473,913,458,2898,1430,2483,1256,415,174,46,46,16,27,3,46,-,-,46,1,691,480,211,9438,4651,7066,3535,2372,1116,197,161,37,36,18,3624,1779,2840,1431,784,348,2733,1328,2325,1168,408,160,48,48,17,28,3,48,-,-,48,1,680,473,207,9493,4785,7006,3593,2487,1192,194,158,36,36,19,3859,1997,2799,1454,1060,543,3087,1521,2503,1248,584,273,52,52,20,29,3,52,-,-,52,1,655,460,195,9295,4664,6988,3601,2307,1063,195,158,37,37,19,3889,1963,3057,1569,832,394,2807,1374,2194,1100,613,274
"전라북도","계",47,16,31,-,-,47,1,542,258,9853,5056,7644,4101,2209,955,140,30,2,-,3874,2000,2871,1554,1003,446,2950,1523,2470,1319,480,204,47,16,31,-,-,47,1,546,265,10074,5218,7441,3977,2633,1241,141,29,1,-,4228,2173,2883,1518,1345,655,2855,1469,2309,1242,546,227,47,16,31,-,-,47,1,542,261,9940,5189,7111,3843,2829,1346,147,32,1,-,3960,2061,2749,1495,1211,566,2927,1498,2341,1262,586,236,46,46,16,30,-,46,-,-,46,1,808,542,266,9733,5051,7015,3788,2718,1263,149,148,40,1,-,3944,2058,2755,1499,1189,559,3029,1562,2212,1195,817,367,47,47,15,31,1,47,-,-,47,1,813,554,259,9908,5192,6949,3821,2959,1371,138,136,33,2,-,4192,2187,2786,1539,1406,648,3298,1796,2404,1356,894,440,49,49,16,32,1,49,-,-,49,1,789,526,263,9375,4907,6563,3610,2812,1297,142,141,38,1,-,3549,1856,2521,1385,1028,471,2898,1542,2142,1184,756,358
"전라북도","국립",17,4,13,-,-,17,-,315,151,5674,2767,4383,2259,1291,508,56,9,-,-,2127,1044,1584,832,543,212,1695,810,1425,712,270,98,17,4,13,-,-,17,-,309,150,5358,2676,4079,2126,1279,550,59,8,-,-,2053,1036,1507,792,546,244,1597,767,1317,665,280,102,17,4,13,-,-,17,-,309,151,5232,2638,3882,2061,1350,577,58,7,-,-,2189,1066,1557,813,632,253,1628,762,1316,662,312,100,18,18,4,14,-,18,-,-,18,-,466,309,157,5444,2703,3953,2058,1491,645,57,57,8,-,-,2289,1150,1595,826,694,324,1461,737,1122,615,339,122,19,19,4,15,-,19,-,-,19,-,480,327,153,5584,2779,3938,2073,1646,706,62,62,11,-,-,2347,1146,1605,840,742,306,1591,809,1246,677,345,132,20,20,5,15,-,20,-,-,20,-,476,320,156,5534,2745,3851,2028,1683,717,72,72,16,-,-,2257,1112,1558,814,699,298,1517,743,1153,596,364,147
"전라북도","공립",-,-,-,-,-,-,-,-,-,-,-,-,-,-,-,-,-,-,-,-,-,-,-,-,-,-,-,-,-,-,-,-,-,-,-,-,-,-,-,-,-,-,-,-,-,-,-,-,-,-,-,-,-,-,-,-,-,-,-,-,-,-,-,-,-,-,-,-,-,-,-,-,-,-,-,-,-,-,-,-,-,-,-,-,-,-,-,-,-,-,-,-,-,-,-,-,-,-,-,-,-,-,-,-,-,-,-,-,-,-,-,-,-,-,-,-,-,-,-,-,-,-,-,-,-,-,-,-,-,-,-,-,-,-,-,-,-,-,-,-,-,-,-,-,-,-,-,-,-,-,-,-,-,-,-,-,-,-,-,-,-,-,-,-,-,-,-,-,-,-,-,-,-,-,-,-,-,-,-,-,-,-,-,-,-,-,-,-,-,-,-,-,-,-,-,-,-,-,-,-,-
"전라북도","사립",30,12,18,-,-,30,1,227,107,4179,2289,3261,1842,918,447,84,21,2,-,1747,956,1287,722,460,234,1255,713,1045,607,210,106,30,12,18,-,-,30,1,237,115,4716,2542,3362,1851,1354,691,82,21,1,-,2175,1137,1376,726,799,411,1258,702,992,577,266,125,30,12,18,-,-,30,1,233,110,4708,2551,3229,1782,1479,769,89,25,1,-,1771,995,1192,682,579,313,1299,736,1025,600,274,136,28,28,12,16,-,28,-,-,28,1,342,233,109,4289,2348,3062,1730,1227,618,92,91,32,1,-,1655,908,1160,673,495,235,1568,825,1090,580,478,245,28,28,11,16,1,28,-,-,28,1,333,227,106,4324,2413,3011,1748,1313,665,76,74,22,2,-,1845,1041,1181,699,664,342,1707,987,1158,679,549,308,29,29,11,17,1,29,-,-,29,1,313,206,107,3841,2162,2712,1582,1129,580,70,69,22,1,-,1292,744,963,571,329,173,1381,799,989,588,392,211
"전라남도","계",24,10,14,-,-,24,-,265,108,3132,1589,2394,1267,738,322,7,-,-,-,1269,644,982,519,287,125,937,469,789,407,148,62,24,10,14,-,-,24,-,257,107,3025,1531,2269,1192,756,339,6,-,-,-,1243,623,935,490,308,133,923,486,786,435,137,51,24,10,14,-,-,24,-,253,108,3209,1683,2320,1252,889,431,9,-,1,1,1401,763,1033,585,368,178,956,514,806,448,150,66,24,24,10,14,-,24,-,-,24,-,366,255,111,3390,1764,2425,1303,965,461,9,8,-,1,1,1412,714,1077,569,335,145,920,479,757,415,163,64,21,21,10,11,-,21,-,-,21,-,369,250,119,3723,1935,2398,1309,1325,626,46,45,-,1,1,1530,766,1003,548,527,218,1046,555,844,470,202,85,21,21,10,11,-,21,-,-,21,-,368,253,115,4140,2087,2573,1333,1567,754,56,51,2,5,2,1726,826,1232,595,494,231,1105,595,858,459,247,136
"전라남도","국립",13,5,8,-,-,13,-,192,78,2114,1011,1579,793,535,218,6,-,-,-,820,381,628,299,192,82,612,286,507,244,105,42,13,5,8,-,-,13,-,190,75,2077,977,1556,772,521,205,6,-,-,-,853,402,628,314,225,88,563,288,467,249,96,39,13,5,8,-,-,13,-,189,77,2060,1012,1530,798,530,214,8,-,1,1,848,440,640,352,208,88,630,309,519,258,111,51,13,13,5,8,-,13,-,-,13,-,265,185,80,2093,1057,1584,851,509,206,8,7,-,1,1,897,458,716,390,181,68,568,272,481,247,87,25,14,14,6,8,-,14,-,-,14,-,278,189,89,2221,1118,1644,903,577,215,43,42,-,1,1,965,473,700,378,265,95,611,295,496,260,115,35,14,14,6,8,-,14,-,-,14,-,274,189,85,2179,1043,1591,828,588,215,47,46,-,1,1,879,398,678,324,201,74,678,353,561,303,117,50
"전라남도","공립",-,-,-,-,-,-,-,-,-,-,-,-,-,-,-,-,-,-,-,-,-,-,-,-,-,-,-,-,-,-,-,-,-,-,-,-,-,-,-,-,-,-,-,-,-,-,-,-,-,-,-,-,-,-,-,-,-,-,-,-,-,-,-,-,-,-,-,-,-,-,-,-,-,-,-,-,-,-,-,-,-,-,-,-,-,-,-,-,-,-,-,-,-,-,-,-,-,-,-,-,-,-,-,-,-,-,-,-,-,-,-,-,-,-,-,-,-,-,-,-,-,-,-,-,-,-,-,-,-,-,-,-,-,-,-,-,-,-,-,-,-,-,-,-,-,-,-,-,-,-,-,-,-,-,-,-,-,-,-,-,-,-,-,-,-,-,-,-,-,-,-,-,-,-,-,-,-,-,-,-,-,-,-,-,-,-,-,-,-,-,-,-,-,-,-,-,-,-,-,-,-
"전라남도","사립",11,5,6,-,-,11,-,73,30,1018,578,815,474,203,104,1,-,-,-,449,263,354,220,95,43,325,183,282,163,43,20,11,5,6,-,-,11,-,67,32,948,554,713,420,235,134,-,-,-,-,390,221,307,176,83,45,360,198,319,186,41,12,11,5,6,-,-,11,-,64,31,1149,671,790,454,359,217,1,-,-,-,553,323,393,233,160,90,326,205,287,190,39,15,11,11,5,6,-,11,-,-,11,-,101,70,31,1297,707,841,452,456,255,1,1,-,-,-,515,256,361,179,154,77,352,207,276,168,76,39,7,7,4,3,-,7,-,-,7,-,91,61,30,1502,817,754,406,748,411,3,3,-,-,-,565,293,303,170,262,123,435,260,348,210,87,50,7,7,4,3,-,7,-,-,7,-,94,64,30,1961,1044,982,505,979,539,9,5,2,4,1,847,428,554,271,293,157,427,242,297,156,130,86
"경상북도","계",72,41,30,1,-,72,1,544,288,12009,5632,8392,4308,3617,1324,153,25,16,13,4501,2140,3220,1628,1281,512,3776,1789,3035,1551,741,238,69,39,29,1,-,69,1,527,280,11634,5521,8144,4179,3490,1342,145,28,21,16,4342,2166,3133,1619,1209,547,3464,1679,2785,1443,679,236,69,38,29,2,-,69,1,527,286,11512,5570,7960,4168,3552,1402,151,28,20,14,4378,2161,3082,1651,1296,510,3657,1720,2872,1475,785,245,71,71,37,30,4,71,-,-,71,1,823,537,286,11807,5717,8112,4278,3695,1439,146,128,23,18,13,4614,2280,3243,1713,1371,567,3345,1630,2638,1379,707,251,71,71,37,30,4,71,-,-,71,1,811,533,278,11995,5856,8112,4326,3883,1530,133,118,20,15,11,4581,2331,3181,1724,1400,607,3641,1783,2883,1513,758,270,72,72,38,30,4,72,-,-,72,1,840,548,292,11849,5885,7993,4299,3856,1586,154,139,21,15,12,4748,2381,3393,1785,1355,596,3535,1755,2818,1476,717,279
"경상북도","국립",9,4,5,-,-,9,-,120,52,1645,546,1315,467,330,79,7,4,-,-,603,194,467,161,136,33,498,144,441,134,57,10,9,4,5,-,-,9,-,114,49,1610,538,1260,441,350,97,7,4,-,-,584,208,453,166,131,42,472,167,400,154,72,13,9,4,5,-,-,9,-,109,49,1569,536,1227,436,342,100,7,4,-,-,547,174,425,146,122,28,449,135,380,121,69,14,9,9,4,5,-,9,-,-,9,-,164,115,49,1607,584,1268,485,339,99,7,7,4,-,-,644,256,511,212,133,44,459,149,390,139,69,10,9,9,4,5,-,9,-,-,9,-,166,116,50,1682,624,1296,504,386,120,7,7,4,-,-,616,234,479,187,137,47,440,149,370,140,70,9,10,10,5,5,-,10,-,-,10,-,201,137,64,1907,729,1435,575,472,154,34,34,6,-,-,746,279,567,225,179,54,506,171,434,154,72,17
"경상북도","공립",-,-,-,-,-,-,-,-,-,-,-,-,-,-,-,-,-,-,-,-,-,-,-,-,-,-,-,-,-,-,-,-,-,-,-,-,-,-,-,-,-,-,-,-,-,-,-,-,-,-,-,-,-,-,-,-,-,-,-,-,-,-,-,-,-,-,-,-,-,-,-,-,-,-,-,-,-,-,-,-,-,-,-,-,-,-,-,-,-,-,-,-,-,-,-,-,-,-,-,-,-,-,-,-,-,-,-,-,-,-,-,-,-,-,-,-,-,-,-,-,-,-,-,-,-,-,-,-,-,-,-,-,-,-,-,-,-,-,-,-,-,-,-,-,-,-,-,-,-,-,-,-,-,-,-,-,-,-,-,-,-,-,-,-,-,-,-,-,-,-,-,-,-,-,-,-,-,-,-,-,-,-,-,-,-,-,-,-,-,-,-,-,-,-,-,-,-,-,-,-,-
"경상북도","사립",63,37,25,1,-,63,1,424,236,10364,5086,7077,3841,3287,1245,146,21,16,13,3898,1946,2753,1467,1145,479,3278,1645,2594,1417,684,228,60,35,24,1,-,60,1,413,231,10024,4983,6884,3738,3140,1245,138,24,21,16,3758,1958,2680,1453,1078,505,2992,1512,2385,1289,607,223,60,34,24,2,-,60,1,418,237,9943,5034,6733,3732,3210,1302,144,24,20,14,3831,1987,2657,1505,1174,482,3208,1585,2492,1354,716,231,62,62,33,25,4,62,-,-,62,1,659,422,237,10200,5133,6844,3793,3356,1340,139,121,19,18,13,3970,2024,2732,1501,1238,523,2886,1481,2248,1240,638,241,62,62,33,25,4,62,-,-,62,1,645,417,228,10313,5232,6816,3822,3497,1410,126,111,16,15,11,3965,2097,2702,1537,1263,560,3201,1634,2513,1373,688,261,62,62,33,25,4,62,-,-,62,1,639,411,228,9942,5156,6558,3724,3384,1432,120,105,15,15,12,4002,2102,2826,1560,1176,542,3029,1584,2384,1322,645,262
"경상남도","계",47,14,31,2,-,47,-,430,176,9522,4695,7960,4071,1562,624,409,76,42,22,3665,1857,2977,1571,688,286,2828,1327,2444,1160,384,167,47,14,31,2,-,47,-,422,184,8970,4608,7421,3933,1549,675,411,81,36,15,3219,1724,2532,1396,687,328,2871,1413,2503,1272,368,141,44,13,29,2,-,44,-,421,186,8473,4483,6909,3755,1564,728,134,41,20,10,3417,1774,2704,1449,713,325,3015,1512,2598,1345,417,167,45,45,13,29,3,45,-,-,45,-,638,441,197,8672,4488,7061,3752,1611,736,153,131,44,22,11,3587,1828,2858,1503,729,325,2600,1372,2224,1232,376,140,45,45,13,28,4,45,-,-,45,-,675,469,206,8666,4449,7063,3711,1603,738,147,133,46,14,9,3421,1738,2726,1416,695,322,2607,1383,2174,1194,433,189,51,51,16,31,4,51,-,-,51,-,692,470,222,9036,4683,7236,3867,1800,816,158,156,48,2,2,3657,1865,2889,1514,768,351,2862,1519,2402,1313,460,206
"경상남도","국립",23,5,16,2,-,23,-,312,130,6401,2912,5315,2525,1086,387,393,69,30,19,2352,1103,1898,937,454,166,1910,834,1649,727,261,107,23,5,16,2,-,23,-,303,135,5889,2772,4849,2385,1040,387,395,74,26,12,1953,943,1519,771,434,172,1910,859,1673,768,237,91,22,4,16,2,-,22,-,297,139,5332,2560,4362,2174,970,386,109,29,12,7,2077,974,1651,805,426,169,2038,971,1736,854,302,117,21,21,3,15,3,21,-,-,21,-,453,309,144,5506,2606,4507,2208,999,398,122,109,32,13,8,2241,1052,1791,873,450,179,1628,778,1382,701,246,77,21,21,3,14,4,21,-,-,21,-,493,335,158,5500,2578,4475,2165,1025,413,127,113,35,14,9,2109,972,1656,788,453,184,1654,782,1394,684,260,98,27,27,6,17,4,27,-,-,27,-,511,342,169,6161,2972,4875,2443,1286,529,142,140,37,2,2,2428,1158,1905,939,523,219,1914,954,1595,832,319,122
"경상남도","공립",-,-,-,-,-,-,-,-,-,-,-,-,-,-,-,-,-,-,-,-,-,-,-,-,-,-,-,-,-,-,-,-,-,-,-,-,-,-,-,-,-,-,-,-,-,-,-,-,-,-,-,-,-,-,-,-,-,-,-,-,-,-,-,-,-,-,-,-,-,-,-,-,-,-,-,-,-,-,-,-,-,-,-,-,-,-,-,-,-,-,-,-,-,-,-,-,-,-,-,-,-,-,-,-,-,-,-,-,-,-,-,-,-,-,-,-,-,-,-,-,-,-,-,-,-,-,-,-,-,-,-,-,-,-,-,-,-,-,-,-,-,-,-,-,-,-,-,-,-,-,-,-,-,-,-,-,-,-,-,-,-,-,-,-,-,-,-,-,-,-,-,-,-,-,-,-,-,-,-,-,-,-,-,-,-,-,-,-,-,-,-,-,-,-,-,-,-,-,-,-,-
"경상남도","사립",24,9,15,-,-,24,-,118,46,3121,1783,2645,1546,476,237,16,7,12,3,1313,754,1079,634,234,120,918,493,795,433,123,60,24,9,15,-,-,24,-,119,49,3081,1836,2572,1548,509,288,16,7,10,3,1266,781,1013,625,253,156,961,554,830,504,131,50,22,9,13,-,-,22,-,124,47,3141,1923,2547,1581,594,342,25,12,8,3,1340,800,1053,644,287,156,977,541,862,491,115,50,24,24,10,14,-,24,-,-,24,-,185,132,53,3166,1882,2554,1544,612,338,31,22,12,9,3,1346,776,1067,630,279,146,972,594,842,531,130,63,24,24,10,14,-,24,-,-,24,-,182,134,48,3166,1871,2588,1546,578,325,20,20,11,-,-,1312,766,1070,628,242,138,953,601,780,510,173,91,24,24,10,14,-,24,-,-,24,-,181,128,53,2875,1711,2361,1424,514,287,16,16,11,-,-,1229,707,984,575,245,132,948,565,807,481,141,84
"제주특별자치도","계",15,5,10,-,-,15,-,168,72,2793,1454,2281,1207,512,247,184,48,-,-,840,433,673,360,167,73,558,321,490,300,68,21,15,5,10,-,-,15,-,154,71,2561,1354,2062,1122,499,232,185,48,-,-,791,424,601,343,190,81,593,318,523,299,70,19,14,5,9,-,-,14,-,156,73,2499,1359,1968,1118,531,241,185,46,-,-,838,462,633,374,205,88,592,333,516,304,76,29,13,13,4,9,-,13,-,-,13,-,229,153,76,2451,1371,1940,1143,511,228,40,40,8,-,-,840,483,631,390,209,93,611,325,514,285,97,40,13,13,4,9,-,13,-,-,13,-,228,152,76,2388,1357,1894,1135,494,222,39,39,9,-,-,809,440,640,363,169,77,604,316,502,277,102,39,13,13,4,9,-,13,-,-,13,-,221,150,71,2354,1345,1852,1112,502,233,37,37,9,-,-,920,517,707,419,213,98,604,336,499,291,105,45
"제주특별자치도","국립",10,4,6,-,-,10,-,147,69,2523,1269,2025,1031,498,238,184,48,-,-,758,383,602,316,156,67,488,272,420,251,68,21,10,4,6,-,-,10,-,137,68,2330,1198,1848,975,482,223,185,48,-,-,731,384,546,304,185,80,522,270,452,251,70,19,10,4,6,-,-,10,-,139,70,2300,1227,1780,991,520,236,185,46,-,-,777,425,575,338,202,87,527,286,451,257,76,29,9,9,3,6,-,9,-,-,9,-,212,139,73,2282,1258,1780,1034,502,224,40,40,8,-,-,795,455,589,362,206,93,537,277,443,239,94,38,9,9,3,6,-,9,-,-,9,-,215,141,74,2210,1249,1720,1027,490,222,39,39,9,-,-,718,394,549,317,169,77,562,285,461,246,101,39,9,9,3,6,-,9,-,-,9,-,208,139,69,2161,1228,1661,995,500,233,37,37,9,-,-,829,469,616,371,213,98,558,307,453,262,105,45
"제주특별자치도","공립",-,-,-,-,-,-,-,-,-,-,-,-,-,-,-,-,-,-,-,-,-,-,-,-,-,-,-,-,-,-,-,-,-,-,-,-,-,-,-,-,-,-,-,-,-,-,-,-,-,-,-,-,-,-,-,-,-,-,-,-,-,-,-,-,-,-,-,-,-,-,-,-,-,-,-,-,-,-,-,-,-,-,-,-,-,-,-,-,-,-,-,-,-,-,-,-,-,-,-,-,-,-,-,-,-,-,-,-,-,-,-,-,-,-,-,-,-,-,-,-,-,-,-,-,-,-,-,-,-,-,-,-,-,-,-,-,-,-,-,-,-,-,-,-,-,-,-,-,-,-,-,-,-,-,-,-,-,-,-,-,-,-,-,-,-,-,-,-,-,-,-,-,-,-,-,-,-,-,-,-,-,-,-,-,-,-,-,-,-,-,-,-,-,-,-,-,-,-,-,-,-
"제주특별자치도","사립",5,1,4,-,-,5,-,21,3,270,185,256,176,14,9,-,-,-,-,82,50,71,44,11,6,70,49,70,49,0,0,5,1,4,-,-,5,-,17,3,231,156,214,147,17,9,-,-,-,-,60,40,55,39,5,1,71,48,71,48,0,0,4,1,3,-,-,4,-,17,3,199,132,188,127,11,5,-,-,-,-,61,37,58,36,3,1,65,47,65,47,-,-,4,4,1,3,-,4,-,-,4,-,17,14,3,169,113,160,109,9,4,-,-,-,-,-,45,28,42,28,3,-,74,48,71,46,3,2,4,4,1,3,-,4,-,-,4,-,13,11,2,178,108,174,108,4,-,-,-,-,-,-,91,46,91,46,-,-,42,31,41,31,1,-,4,4,1,3,-,4,-,-,4,-,13,11,2,193,117,191,117,2,-,-,-,-,-,-,91,48,91,48,-,-,46,29,46,29,-,-
